<?xml version="1.0" encoding="UTF-8"?>
<project-private xmlns="http://www.netbeans.org/ns/project-private/1">
    <editor-bookmarks xmlns="http://www.netbeans.org/ns/editor-bookmarks/2" lastBookmarkId="0"/>
    <open-files xmlns="http://www.netbeans.org/ns/projectui-open-files/2">
        <group>
            <file>file:/D:/FPT/Prj/Workshop1/src/java/dao/IDAO.java</file>
            <file>file:/D:/FPT/Prj/Workshop1/web/projectForm.jsp</file>
            <file>file:/D:/FPT/Prj/Workshop1/src/java/controller/MainController.java</file>
            <file>file:/D:/FPT/Prj/Workshop1/web/updateStatus.jsp</file>
            <file>file:/D:/FPT/Prj/Workshop1/src/java/dto/StartupProjectsDTO.java</file>
            <file>file:/D:/FPT/Prj/Workshop1/src/java/dao/UserDAO.java</file>
        </group>
    </open-files>
</project-private>
